{
  "notebook": "01_eda",
  "data_shape": [
    98000,
    30
  ],
  "sample_submission_shape": [
    98000,
    2
  ],
  "missing_total": 0,
  "missing_columns": {},
  "continuous_columns": [
    "f_00",
    "f_01",
    "f_02",
    "f_03",
    "f_04",
    "f_05",
    "f_06",
    "f_07",
    "f_08",
    "f_09",
    "f_10",
    "f_11",
    "f_12",
    "f_13",
    "f_14",
    "f_15",
    "f_16",
    "f_17",
    "f_18",
    "f_19",
    "f_20",
    "f_21",
    "f_22",
    "f_23",
    "f_24",
    "f_25",
    "f_26",
    "f_27",
    "f_28"
  ],
  "categorical_columns": [],
  "excluded_columns": [
    "id"
  ],
  "max_abs_continuous_corr": 0.36073389430927466,
  "strong_corr_pairs_abs_gt_0_7": 0,
  "baseline_preprocessed_shape": [
    98000,
    29
  ],
  "pca_2_explained_variance_ratio": [
    0.06270482186193435,
    0.05031388617359513
  ],
  "umap_sample_size": 15000,
  "umap_spread": {
    "dim0_min": -1.0011729001998901,
    "dim0_max": 5.582412242889404,
    "dim1_min": 3.2545166015625,
    "dim1_max": 8.876595497131348
  },
  "timestamp": "2026-06-11T20:02:39+00:00"
}